Msg ID,New Key,Operation,AD Size,Msg Size,Na,Nm,Nc,Nh,Bla,Blm,Blc,Blh,Ina,Inm,Inc,Inh,Actual Execution Time,Actual Latency,Expected Execution Time,Expected Latency Time,Actual-Expected Execution Time,Actual-Expected Latency Time
1,1,AE,0,0,0,0,0,0,0,0,0,0,0,0,0,0,665,0,837,0,-172,0
2,1,AE,0,1,0,0,0,0,0,1,0,0,0,1,0,0,862,1,837,0,25,1
3,1,AE,0,2,0,0,0,0,0,2,0,0,0,1,0,0,862,1,837,0,25,1
4,1,AE,0,3,0,0,0,0,0,3,0,0,0,1,0,0,862,1,837,0,25,1
5,1,AE,0,4,0,0,0,0,0,4,0,0,0,1,0,0,862,1,837,0,25,1
6,1,AE,0,5,0,0,0,0,0,5,0,0,0,1,0,0,862,1,837,0,25,1
7,1,AE,0,6,0,0,0,0,0,6,0,0,0,1,0,0,862,1,837,0,25,1
8,1,AE,0,7,0,0,0,0,0,7,0,0,0,1,0,0,862,1,837,0,25,1
9,1,AE,0,8,0,0,0,0,0,8,0,0,0,1,0,0,862,1,837,0,25,1
10,1,AE,0,9,0,0,0,0,0,9,0,0,0,1,0,0,862,1,837,0,25,1
11,1,AE,0,10,0,0,0,0,0,10,0,0,0,1,0,0,862,1,837,0,25,1
12,1,AE,0,11,0,0,0,0,0,11,0,0,0,1,0,0,862,1,837,0,25,1
13,1,AE,0,12,0,0,0,0,0,12,0,0,0,1,0,0,862,1,837,0,25,1
14,1,AE,0,13,0,0,0,0,0,13,0,0,0,1,0,0,862,1,837,0,25,1
15,1,AE,0,14,0,0,0,0,0,14,0,0,0,1,0,0,862,1,837,0,25,1
16,1,AE,0,15,0,0,0,0,0,15,0,0,0,1,0,0,862,1,837,0,25,1
17,1,AE,0,16,0,0,0,0,0,16,0,0,0,1,0,0,862,1,837,0,25,1
18,1,AE,0,17,0,0,0,0,0,17,0,0,0,1,0,0,862,1,837,0,25,1
19,1,AE,0,18,0,0,0,0,0,18,0,0,0,1,0,0,862,1,837,0,25,1
20,1,AE,0,19,0,0,0,0,0,19,0,0,0,1,0,0,862,1,837,0,25,1
21,1,AE,0,20,0,0,0,0,0,20,0,0,0,1,0,0,862,1,837,0,25,1
22,1,AE,0,21,0,0,0,0,0,21,0,0,0,1,0,0,862,1,837,0,25,1
23,1,AE,0,22,0,0,0,0,0,22,0,0,0,1,0,0,862,1,837,0,25,1
24,1,AE,0,23,0,0,0,0,0,23,0,0,0,1,0,0,862,1,837,0,25,1
25,1,AE,0,24,0,0,0,0,0,24,0,0,0,1,0,0,862,1,837,0,25,1
26,1,AE,0,25,0,0,0,0,0,25,0,0,0,1,0,0,862,1,837,0,25,1
27,1,AE,0,26,0,0,0,0,0,26,0,0,0,1,0,0,862,1,837,0,25,1
28,1,AE,0,27,0,0,0,0,0,27,0,0,0,1,0,0,862,1,837,0,25,1
29,1,AE,0,28,0,0,0,0,0,28,0,0,0,1,0,0,862,1,837,0,25,1
30,1,AE,0,29,0,0,0,0,0,29,0,0,0,1,0,0,862,1,837,0,25,1
31,1,AE,0,30,0,0,0,0,0,30,0,0,0,1,0,0,862,1,837,0,25,1
32,1,AE,0,31,0,0,0,0,0,31,0,0,0,1,0,0,862,1,837,0,25,1
33,1,AE,0,32,0,1,0,0,0,0,0,0,0,0,0,0,1075,1,1037,0,38,1
34,1,AE,0,33,0,1,0,0,0,1,0,0,0,1,0,0,1256,1,1037,0,219,1
35,1,AE,0,34,0,1,0,0,0,2,0,0,0,1,0,0,1256,1,1037,0,219,1
36,1,AE,0,35,0,1,0,0,0,3,0,0,0,1,0,0,1256,1,1037,0,219,1
37,1,AE,0,36,0,1,0,0,0,4,0,0,0,1,0,0,1256,1,1037,0,219,1
38,1,AE,0,37,0,1,0,0,0,5,0,0,0,1,0,0,1256,1,1037,0,219,1
39,1,AE,0,38,0,1,0,0,0,6,0,0,0,1,0,0,1256,1,1037,0,219,1
40,1,AE,0,39,0,1,0,0,0,7,0,0,0,1,0,0,1256,1,1037,0,219,1
41,1,AE,0,40,0,1,0,0,0,8,0,0,0,1,0,0,1256,1,1037,0,219,1
42,1,AE,0,41,0,1,0,0,0,9,0,0,0,1,0,0,1256,1,1037,0,219,1
43,1,AE,0,42,0,1,0,0,0,10,0,0,0,1,0,0,1256,1,1037,0,219,1
44,1,AE,0,43,0,1,0,0,0,11,0,0,0,1,0,0,1256,1,1037,0,219,1
45,1,AE,0,44,0,1,0,0,0,12,0,0,0,1,0,0,1256,1,1037,0,219,1
46,1,AE,0,45,0,1,0,0,0,13,0,0,0,1,0,0,1256,1,1037,0,219,1
47,1,AE,0,46,0,1,0,0,0,14,0,0,0,1,0,0,1256,1,1037,0,219,1
48,1,AE,0,47,0,1,0,0,0,15,0,0,0,1,0,0,1256,1,1037,0,219,1
49,1,AE,0,48,0,1,0,0,0,16,0,0,0,1,0,0,1256,1,1037,0,219,1
50,1,AE,0,49,0,1,0,0,0,17,0,0,0,1,0,0,1256,1,1037,0,219,1
51,1,AE,0,50,0,1,0,0,0,18,0,0,0,1,0,0,1256,1,1037,0,219,1
52,1,AE,0,51,0,1,0,0,0,19,0,0,0,1,0,0,1256,1,1037,0,219,1
53,1,AE,0,52,0,1,0,0,0,20,0,0,0,1,0,0,1256,1,1037,0,219,1
54,1,AE,0,53,0,1,0,0,0,21,0,0,0,1,0,0,1256,1,1037,0,219,1
55,1,AE,0,54,0,1,0,0,0,22,0,0,0,1,0,0,1256,1,1037,0,219,1
56,1,AE,0,55,0,1,0,0,0,23,0,0,0,1,0,0,1256,1,1037,0,219,1
57,1,AE,0,56,0,1,0,0,0,24,0,0,0,1,0,0,1256,1,1037,0,219,1
58,1,AE,0,57,0,1,0,0,0,25,0,0,0,1,0,0,1256,1,1037,0,219,1
59,1,AE,0,58,0,1,0,0,0,26,0,0,0,1,0,0,1256,1,1037,0,219,1
60,1,AE,0,59,0,1,0,0,0,27,0,0,0,1,0,0,1256,1,1037,0,219,1
61,1,AE,0,60,0,1,0,0,0,28,0,0,0,1,0,0,1256,1,1037,0,219,1
62,1,AE,0,61,0,1,0,0,0,29,0,0,0,1,0,0,1256,1,1037,0,219,1
63,1,AE,0,62,0,1,0,0,0,30,0,0,0,1,0,0,1256,1,1037,0,219,1
64,1,AE,0,63,0,1,0,0,0,31,0,0,0,1,0,0,1256,1,1037,0,219,1
65,1,AE,1,0,0,0,0,0,1,0,0,0,1,0,0,0,665,1,837,0,-172,1
66,1,AE,1,1,0,0,0,0,1,1,0,0,1,1,0,0,862,1,837,0,25,1
67,1,AE,1,2,0,0,0,0,1,2,0,0,1,1,0,0,862,1,837,0,25,1
68,1,AE,1,3,0,0,0,0,1,3,0,0,1,1,0,0,862,1,837,0,25,1
69,1,AE,1,4,0,0,0,0,1,4,0,0,1,1,0,0,862,1,837,0,25,1
70,1,AE,1,5,0,0,0,0,1,5,0,0,1,1,0,0,862,1,837,0,25,1
71,1,AE,1,6,0,0,0,0,1,6,0,0,1,1,0,0,862,1,837,0,25,1
72,1,AE,1,7,0,0,0,0,1,7,0,0,1,1,0,0,862,1,837,0,25,1
73,1,AE,1,8,0,0,0,0,1,8,0,0,1,1,0,0,862,1,837,0,25,1
74,1,AE,1,9,0,0,0,0,1,9,0,0,1,1,0,0,862,1,837,0,25,1
75,1,AE,1,10,0,0,0,0,1,10,0,0,1,1,0,0,862,1,837,0,25,1
76,1,AE,1,11,0,0,0,0,1,11,0,0,1,1,0,0,862,1,837,0,25,1
77,1,AE,1,12,0,0,0,0,1,12,0,0,1,1,0,0,862,1,837,0,25,1
78,1,AE,1,13,0,0,0,0,1,13,0,0,1,1,0,0,862,1,837,0,25,1
79,1,AE,1,14,0,0,0,0,1,14,0,0,1,1,0,0,862,1,837,0,25,1
80,1,AE,1,15,0,0,0,0,1,15,0,0,1,1,0,0,862,1,837,0,25,1
81,1,AE,1,16,0,0,0,0,1,16,0,0,1,1,0,0,862,1,837,0,25,1
82,1,AE,1,17,0,0,0,0,1,17,0,0,1,1,0,0,862,1,837,0,25,1
83,1,AE,1,18,0,0,0,0,1,18,0,0,1,1,0,0,862,1,837,0,25,1
84,1,AE,1,19,0,0,0,0,1,19,0,0,1,1,0,0,862,1,837,0,25,1
85,1,AE,1,20,0,0,0,0,1,20,0,0,1,1,0,0,862,1,837,0,25,1
86,1,AE,1,21,0,0,0,0,1,21,0,0,1,1,0,0,862,1,837,0,25,1
87,1,AE,1,22,0,0,0,0,1,22,0,0,1,1,0,0,862,1,837,0,25,1
88,1,AE,1,23,0,0,0,0,1,23,0,0,1,1,0,0,862,1,837,0,25,1
89,1,AE,1,24,0,0,0,0,1,24,0,0,1,1,0,0,862,1,837,0,25,1
90,1,AE,1,25,0,0,0,0,1,25,0,0,1,1,0,0,862,1,837,0,25,1
91,1,AE,1,26,0,0,0,0,1,26,0,0,1,1,0,0,862,1,837,0,25,1
92,1,AE,1,27,0,0,0,0,1,27,0,0,1,1,0,0,862,1,837,0,25,1
93,1,AE,1,28,0,0,0,0,1,28,0,0,1,1,0,0,862,1,837,0,25,1
94,1,AE,1,29,0,0,0,0,1,29,0,0,1,1,0,0,862,1,837,0,25,1
95,1,AE,1,30,0,0,0,0,1,30,0,0,1,1,0,0,862,1,837,0,25,1
96,1,AE,1,31,0,0,0,0,1,31,0,0,1,1,0,0,862,1,837,0,25,1
97,1,AE,1,32,0,1,0,0,1,0,0,0,1,0,0,0,1075,1,1037,0,38,1
98,1,AE,1,33,0,1,0,0,1,1,0,0,1,1,0,0,1256,1,1037,0,219,1
99,1,AE,1,34,0,1,0,0,1,2,0,0,1,1,0,0,1256,1,1037,0,219,1
100,1,AE,1,35,0,1,0,0,1,3,0,0,1,1,0,0,1256,1,1037,0,219,1
101,1,AE,1,36,0,1,0,0,1,4,0,0,1,1,0,0,1256,1,1037,0,219,1
102,1,AE,1,37,0,1,0,0,1,5,0,0,1,1,0,0,1256,1,1037,0,219,1
103,1,AE,1,38,0,1,0,0,1,6,0,0,1,1,0,0,1256,1,1037,0,219,1
104,1,AE,1,39,0,1,0,0,1,7,0,0,1,1,0,0,1256,1,1037,0,219,1
105,1,AE,1,40,0,1,0,0,1,8,0,0,1,1,0,0,1256,1,1037,0,219,1
106,1,AE,1,41,0,1,0,0,1,9,0,0,1,1,0,0,1256,1,1037,0,219,1
107,1,AE,1,42,0,1,0,0,1,10,0,0,1,1,0,0,1256,1,1037,0,219,1
108,1,AE,1,43,0,1,0,0,1,11,0,0,1,1,0,0,1256,1,1037,0,219,1
109,1,AE,1,44,0,1,0,0,1,12,0,0,1,1,0,0,1256,1,1037,0,219,1
110,1,AE,1,45,0,1,0,0,1,13,0,0,1,1,0,0,1256,1,1037,0,219,1
111,1,AE,1,46,0,1,0,0,1,14,0,0,1,1,0,0,1256,1,1037,0,219,1
112,1,AE,1,47,0,1,0,0,1,15,0,0,1,1,0,0,1256,1,1037,0,219,1
113,1,AE,1,48,0,1,0,0,1,16,0,0,1,1,0,0,1256,1,1037,0,219,1
114,1,AE,1,49,0,1,0,0,1,17,0,0,1,1,0,0,1256,1,1037,0,219,1
115,1,AE,1,50,0,1,0,0,1,18,0,0,1,1,0,0,1256,1,1037,0,219,1
116,1,AE,1,51,0,1,0,0,1,19,0,0,1,1,0,0,1256,1,1037,0,219,1
117,1,AE,1,52,0,1,0,0,1,20,0,0,1,1,0,0,1256,1,1037,0,219,1
118,1,AE,1,53,0,1,0,0,1,21,0,0,1,1,0,0,1256,1,1037,0,219,1
119,1,AE,1,54,0,1,0,0,1,22,0,0,1,1,0,0,1256,1,1037,0,219,1
120,1,AE,1,55,0,1,0,0,1,23,0,0,1,1,0,0,1256,1,1037,0,219,1
121,1,AE,1,56,0,1,0,0,1,24,0,0,1,1,0,0,1256,1,1037,0,219,1
122,1,AE,1,57,0,1,0,0,1,25,0,0,1,1,0,0,1256,1,1037,0,219,1
123,1,AE,1,58,0,1,0,0,1,26,0,0,1,1,0,0,1256,1,1037,0,219,1
124,1,AE,1,59,0,1,0,0,1,27,0,0,1,1,0,0,1256,1,1037,0,219,1
125,1,AE,1,60,0,1,0,0,1,28,0,0,1,1,0,0,1256,1,1037,0,219,1
126,1,AE,1,61,0,1,0,0,1,29,0,0,1,1,0,0,1256,1,1037,0,219,1
127,1,AE,1,62,0,1,0,0,1,30,0,0,1,1,0,0,1256,1,1037,0,219,1
128,1,AE,1,63,0,1,0,0,1,31,0,0,1,1,0,0,1256,1,1037,0,219,1
129,1,AE,2,0,0,0,0,0,2,0,0,0,1,0,0,0,665,1,837,0,-172,1
130,1,AE,2,1,0,0,0,0,2,1,0,0,1,1,0,0,862,1,837,0,25,1
131,1,AE,2,2,0,0,0,0,2,2,0,0,1,1,0,0,862,1,837,0,25,1
132,1,AE,2,3,0,0,0,0,2,3,0,0,1,1,0,0,862,1,837,0,25,1
133,1,AE,2,4,0,0,0,0,2,4,0,0,1,1,0,0,862,1,837,0,25,1
134,1,AE,2,5,0,0,0,0,2,5,0,0,1,1,0,0,862,1,837,0,25,1
135,1,AE,2,6,0,0,0,0,2,6,0,0,1,1,0,0,862,1,837,0,25,1
136,1,AE,2,7,0,0,0,0,2,7,0,0,1,1,0,0,862,1,837,0,25,1
137,1,AE,2,8,0,0,0,0,2,8,0,0,1,1,0,0,862,1,837,0,25,1
138,1,AE,2,9,0,0,0,0,2,9,0,0,1,1,0,0,862,1,837,0,25,1
139,1,AE,2,10,0,0,0,0,2,10,0,0,1,1,0,0,862,1,837,0,25,1
140,1,AE,2,11,0,0,0,0,2,11,0,0,1,1,0,0,862,1,837,0,25,1
141,1,AE,2,12,0,0,0,0,2,12,0,0,1,1,0,0,862,1,837,0,25,1
142,1,AE,2,13,0,0,0,0,2,13,0,0,1,1,0,0,862,1,837,0,25,1
143,1,AE,2,14,0,0,0,0,2,14,0,0,1,1,0,0,862,1,837,0,25,1
144,1,AE,2,15,0,0,0,0,2,15,0,0,1,1,0,0,862,1,837,0,25,1
145,1,AE,2,16,0,0,0,0,2,16,0,0,1,1,0,0,862,1,837,0,25,1
146,1,AE,2,17,0,0,0,0,2,17,0,0,1,1,0,0,862,1,837,0,25,1
147,1,AE,2,18,0,0,0,0,2,18,0,0,1,1,0,0,862,1,837,0,25,1
148,1,AE,2,19,0,0,0,0,2,19,0,0,1,1,0,0,862,1,837,0,25,1
149,1,AE,2,20,0,0,0,0,2,20,0,0,1,1,0,0,862,1,837,0,25,1
150,1,AE,2,21,0,0,0,0,2,21,0,0,1,1,0,0,862,1,837,0,25,1
151,1,AE,2,22,0,0,0,0,2,22,0,0,1,1,0,0,862,1,837,0,25,1
152,1,AE,2,23,0,0,0,0,2,23,0,0,1,1,0,0,862,1,837,0,25,1
153,1,AE,2,24,0,0,0,0,2,24,0,0,1,1,0,0,862,1,837,0,25,1
154,1,AE,2,25,0,0,0,0,2,25,0,0,1,1,0,0,862,1,837,0,25,1
155,1,AE,2,26,0,0,0,0,2,26,0,0,1,1,0,0,862,1,837,0,25,1
156,1,AE,2,27,0,0,0,0,2,27,0,0,1,1,0,0,862,1,837,0,25,1
157,1,AE,2,28,0,0,0,0,2,28,0,0,1,1,0,0,862,1,837,0,25,1
158,1,AE,2,29,0,0,0,0,2,29,0,0,1,1,0,0,862,1,837,0,25,1
159,1,AE,2,30,0,0,0,0,2,30,0,0,1,1,0,0,862,1,837,0,25,1
160,1,AE,2,31,0,0,0,0,2,31,0,0,1,1,0,0,862,1,837,0,25,1
161,1,AE,2,32,0,1,0,0,2,0,0,0,1,0,0,0,1075,1,1037,0,38,1
162,1,AE,2,33,0,1,0,0,2,1,0,0,1,1,0,0,1256,1,1037,0,219,1
163,1,AE,2,34,0,1,0,0,2,2,0,0,1,1,0,0,1256,1,1037,0,219,1
164,1,AE,2,35,0,1,0,0,2,3,0,0,1,1,0,0,1256,1,1037,0,219,1
165,1,AE,2,36,0,1,0,0,2,4,0,0,1,1,0,0,1256,1,1037,0,219,1
166,1,AE,2,37,0,1,0,0,2,5,0,0,1,1,0,0,1256,1,1037,0,219,1
167,1,AE,2,38,0,1,0,0,2,6,0,0,1,1,0,0,1256,1,1037,0,219,1
168,1,AE,2,39,0,1,0,0,2,7,0,0,1,1,0,0,1256,1,1037,0,219,1
169,1,AE,2,40,0,1,0,0,2,8,0,0,1,1,0,0,1256,1,1037,0,219,1
170,1,AE,2,41,0,1,0,0,2,9,0,0,1,1,0,0,1256,1,1037,0,219,1
171,1,AE,2,42,0,1,0,0,2,10,0,0,1,1,0,0,1256,1,1037,0,219,1
172,1,AE,2,43,0,1,0,0,2,11,0,0,1,1,0,0,1256,1,1037,0,219,1
173,1,AE,2,44,0,1,0,0,2,12,0,0,1,1,0,0,1256,1,1037,0,219,1
174,1,AE,2,45,0,1,0,0,2,13,0,0,1,1,0,0,1256,1,1037,0,219,1
175,1,AE,2,46,0,1,0,0,2,14,0,0,1,1,0,0,1256,1,1037,0,219,1
176,1,AE,2,47,0,1,0,0,2,15,0,0,1,1,0,0,1256,1,1037,0,219,1
177,1,AE,2,48,0,1,0,0,2,16,0,0,1,1,0,0,1256,1,1037,0,219,1
178,1,AE,2,49,0,1,0,0,2,17,0,0,1,1,0,0,1256,1,1037,0,219,1
179,1,AE,2,50,0,1,0,0,2,18,0,0,1,1,0,0,1256,1,1037,0,219,1
180,1,AE,2,51,0,1,0,0,2,19,0,0,1,1,0,0,1256,1,1037,0,219,1
181,1,AE,2,52,0,1,0,0,2,20,0,0,1,1,0,0,1256,1,1037,0,219,1
182,1,AE,2,53,0,1,0,0,2,21,0,0,1,1,0,0,1256,1,1037,0,219,1
183,1,AE,2,54,0,1,0,0,2,22,0,0,1,1,0,0,1256,1,1037,0,219,1
184,1,AE,2,55,0,1,0,0,2,23,0,0,1,1,0,0,1256,1,1037,0,219,1
185,1,AE,2,56,0,1,0,0,2,24,0,0,1,1,0,0,1256,1,1037,0,219,1
186,1,AE,2,57,0,1,0,0,2,25,0,0,1,1,0,0,1256,1,1037,0,219,1
187,1,AE,2,58,0,1,0,0,2,26,0,0,1,1,0,0,1256,1,1037,0,219,1
188,1,AE,2,59,0,1,0,0,2,27,0,0,1,1,0,0,1256,1,1037,0,219,1
189,1,AE,2,60,0,1,0,0,2,28,0,0,1,1,0,0,1256,1,1037,0,219,1
190,1,AE,2,61,0,1,0,0,2,29,0,0,1,1,0,0,1256,1,1037,0,219,1
191,1,AE,2,62,0,1,0,0,2,30,0,0,1,1,0,0,1256,1,1037,0,219,1
192,1,AE,2,63,0,1,0,0,2,31,0,0,1,1,0,0,1256,1,1037,0,219,1
193,1,AE,3,0,0,0,0,0,3,0,0,0,1,0,0,0,665,1,837,0,-172,1
194,1,AE,3,1,0,0,0,0,3,1,0,0,1,1,0,0,862,1,837,0,25,1
195,1,AE,3,2,0,0,0,0,3,2,0,0,1,1,0,0,862,1,837,0,25,1
196,1,AE,3,3,0,0,0,0,3,3,0,0,1,1,0,0,862,1,837,0,25,1
197,1,AE,3,4,0,0,0,0,3,4,0,0,1,1,0,0,862,1,837,0,25,1
198,1,AE,3,5,0,0,0,0,3,5,0,0,1,1,0,0,862,1,837,0,25,1
199,1,AE,3,6,0,0,0,0,3,6,0,0,1,1,0,0,862,1,837,0,25,1
200,1,AE,3,7,0,0,0,0,3,7,0,0,1,1,0,0,862,1,837,0,25,1
201,1,AE,3,8,0,0,0,0,3,8,0,0,1,1,0,0,862,1,837,0,25,1
202,1,AE,3,9,0,0,0,0,3,9,0,0,1,1,0,0,862,1,837,0,25,1
203,1,AE,3,10,0,0,0,0,3,10,0,0,1,1,0,0,862,1,837,0,25,1
204,1,AE,3,11,0,0,0,0,3,11,0,0,1,1,0,0,862,1,837,0,25,1
205,1,AE,3,12,0,0,0,0,3,12,0,0,1,1,0,0,862,1,837,0,25,1
206,1,AE,3,13,0,0,0,0,3,13,0,0,1,1,0,0,862,1,837,0,25,1
207,1,AE,3,14,0,0,0,0,3,14,0,0,1,1,0,0,862,1,837,0,25,1
208,1,AE,3,15,0,0,0,0,3,15,0,0,1,1,0,0,862,1,837,0,25,1
209,1,AE,3,16,0,0,0,0,3,16,0,0,1,1,0,0,862,1,837,0,25,1
210,1,AE,3,17,0,0,0,0,3,17,0,0,1,1,0,0,862,1,837,0,25,1
211,1,AE,3,18,0,0,0,0,3,18,0,0,1,1,0,0,862,1,837,0,25,1
212,1,AE,3,19,0,0,0,0,3,19,0,0,1,1,0,0,862,1,837,0,25,1
213,1,AE,3,20,0,0,0,0,3,20,0,0,1,1,0,0,862,1,837,0,25,1
214,1,AE,3,21,0,0,0,0,3,21,0,0,1,1,0,0,862,1,837,0,25,1
215,1,AE,3,22,0,0,0,0,3,22,0,0,1,1,0,0,862,1,837,0,25,1
216,1,AE,3,23,0,0,0,0,3,23,0,0,1,1,0,0,862,1,837,0,25,1
217,1,AE,3,24,0,0,0,0,3,24,0,0,1,1,0,0,862,1,837,0,25,1
218,1,AE,3,25,0,0,0,0,3,25,0,0,1,1,0,0,862,1,837,0,25,1
219,1,AE,3,26,0,0,0,0,3,26,0,0,1,1,0,0,862,1,837,0,25,1
220,1,AE,3,27,0,0,0,0,3,27,0,0,1,1,0,0,862,1,837,0,25,1
221,1,AE,3,28,0,0,0,0,3,28,0,0,1,1,0,0,862,1,837,0,25,1
222,1,AE,3,29,0,0,0,0,3,29,0,0,1,1,0,0,862,1,837,0,25,1
223,1,AE,3,30,0,0,0,0,3,30,0,0,1,1,0,0,862,1,837,0,25,1
224,1,AE,3,31,0,0,0,0,3,31,0,0,1,1,0,0,862,1,837,0,25,1
225,1,AE,3,32,0,1,0,0,3,0,0,0,1,0,0,0,1075,1,1037,0,38,1
226,1,AE,3,33,0,1,0,0,3,1,0,0,1,1,0,0,1256,1,1037,0,219,1
227,1,AE,3,34,0,1,0,0,3,2,0,0,1,1,0,0,1256,1,1037,0,219,1
228,1,AE,3,35,0,1,0,0,3,3,0,0,1,1,0,0,1256,1,1037,0,219,1
229,1,AE,3,36,0,1,0,0,3,4,0,0,1,1,0,0,1256,1,1037,0,219,1
230,1,AE,3,37,0,1,0,0,3,5,0,0,1,1,0,0,1256,1,1037,0,219,1
231,1,AE,3,38,0,1,0,0,3,6,0,0,1,1,0,0,1256,1,1037,0,219,1
232,1,AE,3,39,0,1,0,0,3,7,0,0,1,1,0,0,1256,1,1037,0,219,1
233,1,AE,3,40,0,1,0,0,3,8,0,0,1,1,0,0,1256,1,1037,0,219,1
